model,majority,rule based,feed forward,decision tree,random forest,naive bayes
count,5.0,5.0,5.0,5.0,5.0,5.0
mean,0.03868872532505142,0.5198188422605005,0.9221804278067964,0.9130425209852973,0.9006693459644805,0.6142006541489979
std,0.001094943882070576,0.02692519550388721,0.013252478313847692,0.017490921418295575,0.016784582245211906,0.039339468144238186
max,0.04057955517536355,0.547911826073399,0.9368147286416502,0.9276179214378515,0.9221420731478546,0.6690941424630452
