model,majority,rule based,feed forward,decision tree,random forest,naive bayes
count,5.0,5.0,5.0,5.0,5.0,5.0
mean,0.038643269378135926,0.49169047342478367,0.9227630432411067,0.9052323762077243,0.9033105863389947,0.5972209525102085
std,0.0013266770702684636,0.06659235890926417,0.014464205784872845,0.038282144913993475,0.052076256336034084,0.025971196202544216
max,0.04092289657377312,0.5459021007644338,0.9364377036938386,0.9403929730564488,0.9607290996057232,0.6363551717831714
