model,majority,rule based,feed forward,decision tree,random forest,naive bayes
count,5.0,5.0,5.0,5.0,5.0,5.0
mean,0.5798507462686567,0.40099502487562183,0.9,0.8741293532338308,0.8848258706467661,0.8136815920398011
std,0.014857848914445693,0.01251839566177723,0.007284353464848882,0.009406801194621436,0.008554103912462394,0.008079791924831724
max,0.6032338308457711,0.42039800995024873,0.9104477611940298,0.8843283582089553,0.8955223880597015,0.8258706467661692
