model,majority,rule based,feed forward,decision tree,random forest,naive bayes
count,5.0,5.0,5.0,5.0,5.0,5.0
mean,0.40078410872974385,0.5481965499215891,0.9847882906429692,0.9800313643491897,0.9791427077888134,0.939257710402509
std,0.0047788480593622595,0.0072799755703723,0.0012589225905689741,0.0021600578684155235,0.002274065523696441,0.004368079179518701
max,0.40825927861996864,0.5541035023523262,0.9861474124411919,0.9822268687924726,0.9827496079456352,0.9445896497647673
