model,majority,rule based,feed forward,decision tree,random forest,naive bayes
count,5.0,5.0,5.0,5.0,5.0,5.0
mean,0.567910447761194,0.4181592039800995,0.909452736318408,0.8786069651741293,0.8838308457711443,0.8300995024875621
std,0.02497802306224645,0.014987433165564262,0.011746984032952856,0.013239113523119569,0.012943692279350954,0.008463196933434796
max,0.6094527363184079,0.43532338308457713,0.927860696517413,0.8980099502487562,0.9017412935323383,0.8407960199004975
