model,majority,rule based,feed forward,decision tree,random forest,naive bayes
count,5.0,5.0,5.0,5.0,5.0,5.0
mean,0.3973340303188709,0.5547830632514376,0.9840564558285415,0.9820700470465237,0.9789858860428646,0.9381599581808677
std,0.009415473960623106,0.010267866475040821,0.0012670360317345163,0.0029949349734722896,0.0026045317654684983,0.004089410813509233
max,0.4106116048092002,0.5708311552535285,0.9856246732880293,0.9856246732880293,0.9811813904861474,0.9448510193413486
